,flight_date,flight_status,aircraft,live,departure.airport,departure.timezone,departure.iata,departure.icao,departure.terminal,departure.gate,departure.delay,departure.scheduled,departure.estimated,departure.actual,departure.estimated_runway,departure.actual_runway,arrival.airport,arrival.timezone,arrival.iata,arrival.icao,arrival.terminal,arrival.gate,arrival.baggage,arrival.delay,arrival.scheduled,arrival.estimated,arrival.actual,arrival.estimated_runway,arrival.actual_runway,airline.name,airline.iata,airline.icao,flight.number,flight.iata,flight.icao,flight.codeshared,aircraft.registration,aircraft.iata,aircraft.icao,aircraft.icao24,live.updated,live.latitude,live.longitude,live.altitude,live.direction,live.speed_horizontal,live.speed_vertical,live.is_ground
0,2022-04-03,landed,,,Dallas/Fort Worth International,America/Chicago,DFW,KDFW,C,C24,16.0,2022-04-03T06:00:00+00:00,2022-04-03T06:00:00+00:00,2022-04-03T06:16:00+00:00,2022-04-03T06:16:00+00:00,2022-04-03T06:16:00+00:00,Sky Harbor International,America/Phoenix,PHX,KPHX,4,B6,3,,2022-04-03T06:35:00+00:00,2022-04-03T06:35:00+00:00,2022-04-03T06:23:00+00:00,2022-04-03T06:23:00+00:00,2022-04-03T06:23:00+00:00,American Airlines,AA,AAL,474,AA474,AAL474,,,,,,,,,,,,,
1,2022-04-03,landed,,,Dallas/Fort Worth International,America/Chicago,DFW,KDFW,C,C21,18.0,2022-04-03T05:00:00+00:00,2022-04-03T05:00:00+00:00,2022-04-03T05:18:00+00:00,2022-04-03T05:18:00+00:00,2022-04-03T05:18:00+00:00,Charlotte Douglas,America/New_York,CLT,KCLT,2,C12,C,,2022-04-03T08:27:00+00:00,2022-04-03T08:27:00+00:00,2022-04-03T08:18:00+00:00,2022-04-03T08:18:00+00:00,2022-04-03T08:18:00+00:00,American Airlines,AA,AAL,575,AA575,AAL575,,N970UY,A321,A321,AD857E,,,,,,,,
2,2022-04-03,landed,,,Dallas/Fort Worth International,America/Chicago,DFW,KDFW,C,C15,9.0,2022-04-03T05:05:00+00:00,2022-04-03T05:05:00+00:00,2022-04-03T05:14:00+00:00,2022-04-03T05:14:00+00:00,2022-04-03T05:14:00+00:00,Chicago O'hare International,America/Chicago,ORD,KORD,3,K19,,,2022-04-03T07:23:00+00:00,2022-04-03T07:23:00+00:00,2022-04-03T07:07:00+00:00,2022-04-03T07:07:00+00:00,2022-04-03T07:07:00+00:00,American Airlines,AA,AAL,2812,AA2812,AAL2812,,N997AA,A321,A321,ADECA5,,,,,,,,
3,2022-04-03,landed,,,Dallas/Fort Worth International,America/Chicago,DFW,KDFW,D,D25,1.0,2022-04-03T08:00:00+00:00,2022-04-03T08:00:00+00:00,2022-04-03T07:53:00+00:00,2022-04-03T07:53:00+00:00,2022-04-03T07:53:00+00:00,Tulsa International,America/Chicago,TUL,KTUL,S,,,,2022-04-03T09:16:00+00:00,2022-04-03T09:16:00+00:00,2022-04-03T08:37:00+00:00,2022-04-03T08:37:00+00:00,2022-04-03T08:37:00+00:00,American Airlines,AA,AAL,9780,AA9780,AAL9780,,,,,,,,,,,,,
4,2022-04-03,landed,,,Dallas/Fort Worth International,America/Chicago,DFW,KDFW,A,A38,12.0,2022-04-03T08:51:00+00:00,2022-04-03T08:51:00+00:00,2022-04-03T09:02:00+00:00,2022-04-03T09:02:00+00:00,2022-04-03T09:02:00+00:00,Palm Springs Metropolitan Area,America/Los_Angeles,PSP,KPSP,3,4,,,2022-04-03T10:06:00+00:00,2022-04-03T10:06:00+00:00,2022-04-03T09:43:00+00:00,2022-04-03T09:43:00+00:00,2022-04-03T09:43:00+00:00,American Airlines,AA,AAL,2673,AA2673,AAL2673,,N840AW,A319,A319,AB7FEE,,,,,,,,
5,2022-04-03,landed,,,Dallas/Fort Worth International,America/Chicago,DFW,KDFW,E,E34,13.0,2022-04-03T11:08:00+00:00,2022-04-03T11:08:00+00:00,2022-04-03T11:20:00+00:00,2022-04-03T11:20:00+00:00,2022-04-03T11:20:00+00:00,Bismarck,America/Chicago,BIS,KBIS,,,,,2022-04-03T13:57:00+00:00,2022-04-03T13:57:00+00:00,2022-04-03T13:41:00+00:00,2022-04-03T13:41:00+00:00,2022-04-03T13:41:00+00:00,American Airlines,AA,AAL,3088,AA3088,AAL3088,,N706SK,CRJ7,CRJ7,A96C72,,,,,,,,
6,2022-04-03,scheduled,,,Dallas/Fort Worth International,America/Chicago,DFW,KDFW,B,B11,17.0,2022-04-03T19:09:00+00:00,2022-04-03T19:09:00+00:00,,,,Bob Hope,America/Los_Angeles,BUR,KBUR,A,8,,,2022-04-03T20:27:00+00:00,2022-04-03T20:27:00+00:00,,,,American Airlines,AA,AAL,2597,AA2597,AAL2597,,,,,,,,,,,,,
7,2022-04-03,scheduled,,,Dallas/Fort Worth International,America/Chicago,DFW,KDFW,D,D1,17.0,2022-04-03T18:30:00+00:00,2022-04-03T18:30:00+00:00,,,,Austin-bergstrom International,America/Chicago,AUS,KAUS,S,30,3,,2022-04-03T19:31:00+00:00,2022-04-03T19:31:00+00:00,,,,American Airlines,AA,AAL,2199,AA2199,AAL2199,,,,,,,,,,,,,
8,2022-04-03,landed,,,Dallas/Fort Worth International,America/Chicago,DFW,KDFW,C,C24,11.0,2022-04-03T08:50:00+00:00,2022-04-03T08:50:00+00:00,2022-04-03T09:01:00+00:00,2022-04-03T09:01:00+00:00,2022-04-03T09:01:00+00:00,Tampa International,America/New_York,TPA,KTPA,2,F84,4,,2022-04-03T12:14:00+00:00,2022-04-03T12:14:00+00:00,2022-04-03T12:01:00+00:00,2022-04-03T12:01:00+00:00,2022-04-03T12:01:00+00:00,American Airlines,AA,AAL,2714,AA2714,AAL2714,,,,,,,,,,,,,
9,2022-04-03,active,,,Dallas/Fort Worth International,America/Chicago,DFW,KDFW,B,B2,25.0,2022-04-03T13:40:00+00:00,2022-04-03T13:40:00+00:00,2022-04-03T14:04:00+00:00,2022-04-03T14:04:00+00:00,2022-04-03T14:04:00+00:00,El Paso International Airport,America/Denver,ELP,KELP,4,A1,,4.0,2022-04-03T14:27:00+00:00,2022-04-03T14:27:00+00:00,,,,American Airlines,AA,AAL,3970,AA3970,AAL3970,,,,,,,,,,,,,
10,2022-04-03,active,,,Dallas/Fort Worth International,America/Chicago,DFW,KDFW,A,A29,13.0,2022-04-03T13:36:00+00:00,2022-04-03T13:36:00+00:00,2022-04-03T13:49:00+00:00,2022-04-03T13:49:00+00:00,2022-04-03T13:49:00+00:00,Memphis International,America/Chicago,MEM,KMEM,1,6,5,,2022-04-03T15:02:00+00:00,2022-04-03T15:02:00+00:00,,,,American Airlines,AA,AAL,2553,AA2553,AAL2553,,,,,,,,,,,,,
11,2022-04-03,active,,,Dallas/Fort Worth International,America/Chicago,DFW,KDFW,B,B24,7.0,2022-04-03T13:32:00+00:00,2022-04-03T13:32:00+00:00,2022-04-03T13:38:00+00:00,2022-04-03T13:38:00+00:00,2022-04-03T13:38:00+00:00,Mobile Regional Airport,America/Chicago,MOB,KMOB,,3,2,,2022-04-03T15:11:00+00:00,2022-04-03T15:11:00+00:00,,,,American Airlines,AA,AAL,3146,AA3146,AAL3146,,N872DC,CRJ7,CRJ7,ABFE12,2022-04-03T19:45:58+00:00,30.58,-88.32,1043.94,142.0,500.04,0.0,False
12,2022-04-03,active,,,Dallas/Fort Worth International,America/Chicago,DFW,KDFW,E,E22,15.0,2022-04-03T13:30:00+00:00,2022-04-03T13:30:00+00:00,2022-04-03T13:45:00+00:00,2022-04-03T13:45:00+00:00,2022-04-03T13:45:00+00:00,Capital,America/Chicago,SPI,KSPI,E,1,CLM1,,2022-04-03T15:21:00+00:00,2022-04-03T15:21:00+00:00,,,,American Airlines,AA,AAL,4211,AA4211,AAL4211,,,,,,,,,,,,,
13,2022-04-03,scheduled,,,Dallas/Fort Worth International,America/Chicago,DFW,KDFW,E,E28,48.0,2022-04-03T13:30:00+00:00,2022-04-03T13:30:00+00:00,2022-04-03T14:18:00+00:00,2022-04-03T14:18:00+00:00,2022-04-03T14:18:00+00:00,Tyler Pounds Regional Airport,America/Chicago,TYR,KTYR,,4,E37,26.0,2022-04-03T14:16:00+00:00,2022-04-03T14:16:00+00:00,,,,American Airlines,AA,AAL,3789,AA3789,AAL3789,,,,,,,,,,,,,
14,2022-04-03,scheduled,,,Dallas/Fort Worth International,America/Chicago,DFW,KDFW,E,E29,23.0,2022-04-03T13:28:00+00:00,2022-04-03T13:28:00+00:00,,,,South Bend Regional,America/Indiana/Indianapolis,SBN,KSBN,2,,,,2022-04-03T16:44:00+00:00,2022-04-03T16:44:00+00:00,,,,American Airlines,AA,AAL,3084,AA3084,AAL3084,,N768SK,CRJ7,CRJ7,AA60DA,2022-04-03T18:51:00+00:00,32.91,-97.03,0.0,6.0,20.372,0.0,True
15,2022-04-03,active,,,Dallas/Fort Worth International,America/Chicago,DFW,KDFW,B,B25,21.0,2022-04-03T13:22:00+00:00,2022-04-03T13:22:00+00:00,2022-04-03T13:21:00+00:00,2022-04-03T13:21:00+00:00,2022-04-03T13:21:00+00:00,Greater Peoria,America/Chicago,PIA,KPIA,B,3,1,,2022-04-03T15:16:00+00:00,2022-04-03T15:16:00+00:00,,,,American Airlines,AA,AAL,5772,AA5772,AAL5772,,N912FJ,CRJ9,CRJ9,AC9E9F,2022-04-03T18:25:59+00:00,32.92,-97.03,2613.66,67.95,547.488,51.516,True
16,2022-04-03,scheduled,,,Dallas/Fort Worth International,America/Chicago,DFW,KDFW,A,A22,17.0,2022-04-03T13:20:00+00:00,2022-04-03T13:20:00+00:00,2022-04-03T13:47:00+00:00,2022-04-03T13:47:00+00:00,2022-04-03T13:47:00+00:00,San Francisco International,America/Los_Angeles,SFO,KSFO,1,B27,CL-B,,2022-04-03T15:11:00+00:00,2022-04-03T15:11:00+00:00,,,,American Airlines,AA,AAL,1264,AA1264,AAL1264,,,,,,,,,,,,,
17,2022-04-03,scheduled,,,Dallas/Fort Worth International,America/Chicago,DFW,KDFW,A,A8,58.0,2022-04-03T13:19:00+00:00,2022-04-03T13:19:00+00:00,2022-04-03T14:10:00+00:00,2022-04-03T14:10:00+00:00,2022-04-03T14:10:00+00:00,Orlando International,America/New_York,MCO,KMCO,B,55,24,31.0,2022-04-03T16:45:00+00:00,2022-04-03T16:45:00+00:00,,,,American Airlines,AA,AAL,398,AA398,AAL398,,,,,,,,,,,,,
18,2022-04-03,landed,,,Dallas/Fort Worth International,America/Chicago,DFW,KDFW,E,E37A,13.0,2022-04-03T13:18:00+00:00,2022-04-03T13:18:00+00:00,2022-04-03T13:30:00+00:00,2022-04-03T13:30:00+00:00,2022-04-03T13:30:00+00:00,Easterwood Field,America/Chicago,CLL,KCLL,,1,,,2022-04-03T14:11:00+00:00,2022-04-03T14:11:00+00:00,2022-04-03T14:03:00+00:00,2022-04-03T14:03:00+00:00,2022-04-03T14:03:00+00:00,American Airlines,AA,AAL,3236,AA3236,AAL3236,,,,,,,,,,,,,
19,2022-04-03,scheduled,,,Dallas/Fort Worth International,America/Chicago,DFW,KDFW,D,D23,17.0,2022-04-03T13:18:00+00:00,2022-04-03T13:18:00+00:00,2022-04-03T13:26:00+00:00,2022-04-03T13:26:00+00:00,2022-04-03T13:26:00+00:00,Los Angeles International,America/Los_Angeles,LAX,KLAX,4,46B,T4A,,2022-04-03T14:39:00+00:00,2022-04-03T14:39:00+00:00,,,,American Airlines,AA,AAL,2886,AA2886,AAL2886,,,,,,,,,,,,,
20,2022-04-03,active,,,Dallas/Fort Worth International,America/Chicago,DFW,KDFW,C,C15,10.0,2022-04-03T13:16:00+00:00,2022-04-03T13:16:00+00:00,2022-04-03T13:25:00+00:00,2022-04-03T13:25:00+00:00,2022-04-03T13:25:00+00:00,Albuquerque International,America/Denver,ABQ,KABQ,2,B1,4,,2022-04-03T14:06:00+00:00,2022-04-03T14:06:00+00:00,2022-04-03T13:46:00+00:00,2022-04-03T13:46:00+00:00,2022-04-03T13:46:00+00:00,American Airlines,AA,AAL,942,AA942,AAL942,,,,,,,,,,,,,
21,2022-04-03,landed,,,Dallas/Fort Worth International,America/Chicago,DFW,KDFW,E,E23,13.0,2022-04-03T13:15:00+00:00,2022-04-03T13:15:00+00:00,2022-04-03T13:27:00+00:00,2022-04-03T13:27:00+00:00,2022-04-03T13:27:00+00:00,Robert Gray AAF,America/Chicago,GRK,KGRK,B,5,,50.0,2022-04-03T14:09:00+00:00,2022-04-03T14:09:00+00:00,2022-04-03T13:58:00+00:00,2022-04-03T13:58:00+00:00,2022-04-03T13:58:00+00:00,American Airlines,AA,AAL,3845,AA3845,AAL3845,,,,,,,,,,,,,
22,2022-04-03,active,,,Dallas/Fort Worth International,America/Chicago,DFW,KDFW,A,A33,11.0,2022-04-03T13:15:00+00:00,2022-04-03T13:15:00+00:00,2022-04-03T13:25:00+00:00,2022-04-03T13:25:00+00:00,2022-04-03T13:25:00+00:00,La Guardia,America/New_York,LGA,KLGA,B,30,3,,2022-04-03T17:29:00+00:00,2022-04-03T17:29:00+00:00,,,,American Airlines,AA,AAL,619,AA619,AAL619,,,,,,,,,,,,,
23,2022-04-03,active,,,Dallas/Fort Worth International,America/Chicago,DFW,KDFW,C,C14,11.0,2022-04-03T13:51:00+00:00,2022-04-03T13:51:00+00:00,2022-04-03T14:01:00+00:00,2022-04-03T14:01:00+00:00,2022-04-03T14:01:00+00:00,Kansas City International Airport,America/Chicago,MCI,KMCI,C,83,C1,,2022-04-03T15:22:00+00:00,2022-04-03T15:22:00+00:00,,,,American Airlines,AA,AAL,1811,AA1811,AAL1811,,N973AN,B738,B738,AD8ED7,2022-04-03T19:21:58+00:00,33.3,-97.04,9448.8,13.09,867.024,0.0,False
24,2022-04-03,active,,,Dallas/Fort Worth International,America/Chicago,DFW,KDFW,C,C28,11.0,2022-04-03T13:44:00+00:00,2022-04-03T13:44:00+00:00,2022-04-03T13:54:00+00:00,2022-04-03T13:54:00+00:00,2022-04-03T13:54:00+00:00,Tampa International,America/New_York,TPA,KTPA,2,F83,5,,2022-04-03T17:01:00+00:00,2022-04-03T17:01:00+00:00,,,,American Airlines,AA,AAL,1838,AA1838,AAL1838,,,,,,,,,,,,,
25,2022-04-03,scheduled,,,Dallas/Fort Worth International,America/Chicago,DFW,KDFW,D,D20,17.0,2022-04-03T19:10:00+00:00,2022-04-03T19:10:00+00:00,,,,Internacional Benito Juarez,America/Mexico_City,MEX,MMMX,1,,,,2022-04-03T21:45:00+00:00,2022-04-03T21:45:00+00:00,,,,American Airlines,AA,AAL,2417,AA2417,AAL2417,,,,,,,,,,,,,
26,2022-04-03,scheduled,,,Dallas/Fort Worth International,America/Chicago,DFW,KDFW,D,D3,14.0,2022-04-03T14:36:00+00:00,2022-04-03T14:36:00+00:00,,,,Licenciado Gustavo Díaz Ordaz International,America/Mexico_City,PVR,MMPR,1,13,,,2022-04-03T17:19:00+00:00,2022-04-03T17:19:00+00:00,,,,American Airlines,AA,AAL,1467,AA1467,AAL1467,,,,,,,,,,,,,
27,2022-04-03,scheduled,,,Dallas/Fort Worth International,America/Chicago,DFW,KDFW,B,B1,24.0,2022-04-03T14:38:00+00:00,2022-04-03T14:38:00+00:00,,,,Lubbock Preston Smith International,America/Chicago,LBB,KLBB,1,4,C,,2022-04-03T15:53:00+00:00,2022-04-03T15:53:00+00:00,,,,American Airlines,AA,AAL,3235,AA3235,AAL3235,,,,,,,,,,,,,
28,2022-04-03,scheduled,,,Dallas/Fort Worth International,America/Chicago,DFW,KDFW,B,B46,19.0,2022-04-03T14:38:00+00:00,2022-04-03T14:38:00+00:00,,,,Corpus Christi International Airport,America/Chicago,CRP,KCRP,,,,,2022-04-03T16:01:00+00:00,2022-04-03T16:01:00+00:00,,,,American Airlines,AA,AAL,3792,AA3792,AAL3792,,,,,,,,,,,,,
29,2022-04-03,scheduled,,,Dallas/Fort Worth International,America/Chicago,DFW,KDFW,B,B29,16.0,2022-04-03T14:38:00+00:00,2022-04-03T14:38:00+00:00,,,,Louisville International (Standiford Field),America/Kentucky/Louisville,SDF,KSDF,B,B6,,,2022-04-03T17:39:00+00:00,2022-04-03T17:39:00+00:00,,,,American Airlines,AA,AAL,5842,AA5842,AAL5842,,,,,,,,,,,,,
30,2022-04-03,scheduled,,,Dallas/Fort Worth International,America/Chicago,DFW,KDFW,C,C31,15.0,2022-04-03T14:39:00+00:00,2022-04-03T14:39:00+00:00,,,,Raleigh-durham International Airport,America/New_York,RDU,KRDU,2,C11,5,,2022-04-03T18:15:00+00:00,2022-04-03T18:15:00+00:00,,,,American Airlines,AA,AAL,1888,AA1888,AAL1888,,,,,,,,,,,,,
31,2022-04-03,scheduled,,,Dallas/Fort Worth International,America/Chicago,DFW,KDFW,C,C8,19.0,2022-04-03T14:40:00+00:00,2022-04-03T14:40:00+00:00,,,,Cancún International,America/Cancun,CUN,MMUN,3,,,,2022-04-03T17:15:00+00:00,2022-04-03T17:15:00+00:00,,,,American Airlines,AA,AAL,1507,AA1507,AAL1507,,,,,,,,,,,,,
32,2022-04-03,scheduled,,,Dallas/Fort Worth International,America/Chicago,DFW,KDFW,D,D29,16.0,2022-04-03T16:05:00+00:00,2022-04-03T16:05:00+00:00,,,,Frankfurt International Airport,Europe/Berlin,FRA,EDDF,2,,,,2022-04-04T08:45:00+00:00,2022-04-04T08:45:00+00:00,,,,American Airlines,AA,AAL,70,AA70,AAL70,,,,,,,,,,,,,
33,2022-04-03,scheduled,,,Dallas/Fort Worth International,America/Chicago,DFW,KDFW,A,A13,16.0,2022-04-03T16:05:00+00:00,2022-04-03T16:05:00+00:00,,,,Barajas,Europe/Madrid,MAD,LEMD,4,,,,2022-04-04T08:25:00+00:00,2022-04-04T08:25:00+00:00,,,,American Airlines,AA,AAL,36,AA36,AAL36,,,,,,,,,,,,,
34,2022-04-03,landed,,,Dallas/Fort Worth International,America/Chicago,DFW,KDFW,C,C8,8.0,2022-04-03T12:29:00+00:00,2022-04-03T12:29:00+00:00,2022-04-03T12:36:00+00:00,2022-04-03T12:36:00+00:00,2022-04-03T12:36:00+00:00,Hartsfield-jackson Atlanta International,America/New_York,ATL,KATL,N,T11,8,,2022-04-03T15:35:00+00:00,2022-04-03T15:35:00+00:00,2022-04-03T15:13:00+00:00,2022-04-03T15:13:00+00:00,2022-04-03T15:13:00+00:00,American Airlines,AA,AAL,1008,AA1008,AAL1008,,,,,,,,,,,,,
35,2022-04-03,active,,,Dallas/Fort Worth International,America/Chicago,DFW,KDFW,A,A15,12.0,2022-04-03T12:29:00+00:00,2022-04-03T12:29:00+00:00,2022-04-03T12:40:00+00:00,2022-04-03T12:40:00+00:00,2022-04-03T12:40:00+00:00,El Salvador International,America/El_Salvador,SAL,MSLP,4,,,,2022-04-03T14:58:00+00:00,2022-04-03T14:58:00+00:00,,,,American Airlines,AA,AAL,1035,AA1035,AAL1035,,N938NN,B738,B738,AD049A,2022-04-03T19:00:57+00:00,23.68,-92.2,10668.0,161.0,903.776,0.0,False
36,2022-04-03,active,,,Dallas/Fort Worth International,America/Chicago,DFW,KDFW,B,B11,8.0,2022-04-03T12:29:00+00:00,2022-04-03T12:29:00+00:00,2022-04-03T12:37:00+00:00,2022-04-03T12:37:00+00:00,2022-04-03T12:37:00+00:00,Jackson Hole,America/Denver,JAC,KJAC,,2,3,,2022-04-03T14:26:00+00:00,2022-04-03T14:26:00+00:00,,,,American Airlines,AA,AAL,2596,AA2596,AAL2596,,,,,,,,,,,,,
37,2022-04-03,active,,,Dallas/Fort Worth International,America/Chicago,DFW,KDFW,D,D18,11.0,2022-04-03T12:30:00+00:00,2022-04-03T12:30:00+00:00,2022-04-03T12:40:00+00:00,2022-04-03T12:40:00+00:00,2022-04-03T12:40:00+00:00,Eagle County,America/Denver,EGE,KEGE,,4,1,,2022-04-03T13:55:00+00:00,2022-04-03T13:55:00+00:00,,,,American Airlines,AA,AAL,1870,AA1870,AAL1870,,,,,,,,,,,,,
38,2022-04-03,active,,,Dallas/Fort Worth International,America/Chicago,DFW,KDFW,E,E36,12.0,2022-04-03T12:30:00+00:00,2022-04-03T12:30:00+00:00,2022-04-03T12:42:00+00:00,2022-04-03T12:42:00+00:00,2022-04-03T12:42:00+00:00,Aspen,America/Denver,ASE,KASE,8,,,1.0,2022-04-03T13:54:00+00:00,2022-04-03T13:54:00+00:00,,,,American Airlines,AA,AAL,3234,AA3234,AAL3234,,N708SK,CRJ7,CRJ7,A973E0,2022-04-03T18:39:53+00:00,36.41,-101.14,10972.8,299.33,737.172,0.0,False
39,2022-04-03,active,,,Dallas/Fort Worth International,America/Chicago,DFW,KDFW,E,E22,57.0,2022-04-03T12:30:00+00:00,2022-04-03T12:30:00+00:00,2022-04-03T13:23:00+00:00,2022-04-03T13:23:00+00:00,2022-04-03T13:23:00+00:00,Grand Island,America/Chicago,GRI,KGRI,E,1,,,2022-04-03T14:26:00+00:00,2022-04-03T14:26:00+00:00,,,,American Airlines,AA,AAL,3787,AA3787,AAL3787,,,,,,,,,,,,,
40,2022-04-03,active,,,Dallas/Fort Worth International,America/Chicago,DFW,KDFW,B,B16,24.0,2022-04-03T12:30:00+00:00,2022-04-03T12:30:00+00:00,2022-04-03T12:54:00+00:00,2022-04-03T12:54:00+00:00,2022-04-03T12:54:00+00:00,Corpus Christi International Airport,America/Chicago,CRP,KCRP,,5,CLM1,1.0,2022-04-03T13:56:00+00:00,2022-04-03T13:56:00+00:00,,,,American Airlines,AA,AAL,3815,AA3815,AAL3815,,N260NN,E75L,E75L,A28036,2022-04-03T18:15:57+00:00,31.38,-97.4,9753.6,201.88,770.364,0.0,False
41,2022-04-03,landed,,,Dallas/Fort Worth International,America/Chicago,DFW,KDFW,B,B48,8.0,2022-04-03T12:30:00+00:00,2022-04-03T12:30:00+00:00,2022-04-03T12:37:00+00:00,2022-04-03T12:37:00+00:00,2022-04-03T12:37:00+00:00,Birmingham,America/Chicago,BHM,KBHM,1,B1,,,2022-04-03T14:19:00+00:00,2022-04-03T14:19:00+00:00,2022-04-03T13:54:00+00:00,2022-04-03T13:54:00+00:00,2022-04-03T13:54:00+00:00,American Airlines,AA,AAL,4024,AA4024,AAL4024,,,,,,,,,,,,,
42,2022-04-03,landed,,,Dallas/Fort Worth International,America/Chicago,DFW,KDFW,B,B22,16.0,2022-04-03T12:30:00+00:00,2022-04-03T12:30:00+00:00,2022-04-03T12:45:00+00:00,2022-04-03T12:45:00+00:00,2022-04-03T12:45:00+00:00,Mc Allen Miller International,America/Chicago,MFE,KMFE,B,,,,2022-04-03T14:08:00+00:00,2022-04-03T14:08:00+00:00,2022-04-03T13:53:00+00:00,2022-04-03T13:53:00+00:00,2022-04-03T13:53:00+00:00,American Airlines,AA,AAL,4096,AA4096,AAL4096,,,,,,,,,,,,,
43,2022-04-03,landed,,,Dallas/Fort Worth International,America/Chicago,DFW,KDFW,E,E23,19.0,2022-04-03T12:30:00+00:00,2022-04-03T12:30:00+00:00,2022-04-03T12:48:00+00:00,2022-04-03T12:48:00+00:00,2022-04-03T12:48:00+00:00,Ryan,America/Chicago,BTR,KBTR,,B2,,6.0,2022-04-03T13:56:00+00:00,2022-04-03T13:56:00+00:00,2022-04-03T13:53:00+00:00,2022-04-03T13:53:00+00:00,2022-04-03T13:53:00+00:00,American Airlines,AA,AAL,4165,AA4165,AAL4165,,,,,,,,,,,,,
44,2022-04-03,landed,,,Dallas/Fort Worth International,America/Chicago,DFW,KDFW,B,B3,28.0,2022-04-03T12:30:00+00:00,2022-04-03T12:30:00+00:00,2022-04-03T12:58:00+00:00,2022-04-03T12:58:00+00:00,2022-04-03T12:58:00+00:00,Laredo International Airport,America/Chicago,LRD,KLRD,E,1,1,,2022-04-03T14:03:00+00:00,2022-04-03T14:03:00+00:00,2022-04-03T13:59:00+00:00,2022-04-03T13:59:00+00:00,2022-04-03T13:59:00+00:00,American Airlines,AA,AAL,4206,AA4206,AAL4206,,N671AE,E145,E145,A8DF74,,,,,,,,
45,2022-04-03,scheduled,,,Dallas/Fort Worth International,America/Chicago,DFW,KDFW,D,D37,17.0,2022-04-03T19:44:00+00:00,2022-04-03T19:44:00+00:00,,,,Ingeniero Fernando Espinoza Gutiérrez International,America/Mexico_City,QRO,MMQT,,,,,2022-04-03T22:06:00+00:00,2022-04-03T22:06:00+00:00,,,,American Airlines,AA,AAL,2071,AA2071,AAL2071,,,,,,,,,,,,,
46,2022-04-03,scheduled,,,Dallas/Fort Worth International,America/Chicago,DFW,KDFW,D,D21,16.0,2022-04-03T17:44:00+00:00,2022-04-03T17:44:00+00:00,,,,Charlotte Douglas,America/New_York,CLT,KCLT,,B6,B,,2022-04-03T21:10:00+00:00,2022-04-03T21:10:00+00:00,,,,American Airlines,AA,AAL,1212,AA1212,AAL1212,,,,,,,,,,,,,
47,2022-04-03,scheduled,,,Dallas/Fort Worth International,America/Chicago,DFW,KDFW,D,D1,16.0,2022-04-03T17:47:00+00:00,2022-04-03T17:47:00+00:00,,,,Mc Allen Miller International,America/Chicago,MFE,KMFE,B,5,,,2022-04-03T19:17:00+00:00,2022-04-03T19:17:00+00:00,,,,American Airlines,AA,AAL,485,AA485,AAL485,,,,,,,,,,,,,
48,2022-04-03,scheduled,,,Dallas/Fort Worth International,America/Chicago,DFW,KDFW,D,D1,19.0,2022-04-03T14:51:00+00:00,2022-04-03T14:51:00+00:00,,,,Calgary International Airport,America/Edmonton,YYC,CYYC,MA,D87,,,2022-04-03T17:48:00+00:00,2022-04-03T17:48:00+00:00,,,,American Airlines,AA,AAL,2520,AA2520,AAL2520,,,,,,,,,,,,,
49,2022-04-03,scheduled,,,Dallas/Fort Worth International,America/Chicago,DFW,KDFW,A,A10,26.0,2022-04-03T14:51:00+00:00,2022-04-03T14:51:00+00:00,,,,Pittsburgh International,America/New_York,PIT,KPIT,8,B34,B,,2022-04-03T18:29:00+00:00,2022-04-03T18:29:00+00:00,,,,American Airlines,AA,AAL,1868,AA1868,AAL1868,,,,,,,,,,,,,
50,2022-04-03,scheduled,,,Dallas/Fort Worth International,America/Chicago,DFW,KDFW,B,B7,19.0,2022-04-03T14:51:00+00:00,2022-04-03T14:51:00+00:00,,,,Philadelphia International,America/New_York,PHL,KPHL,C,C30,19,,2022-04-03T18:57:00+00:00,2022-04-03T18:57:00+00:00,,,,American Airlines,AA,AAL,808,AA808,AAL808,,,,,,,,,,,,,
51,2022-04-03,active,,,Dallas/Fort Worth International,America/Chicago,DFW,KDFW,B,B29,13.0,2022-04-03T12:35:00+00:00,2022-04-03T12:35:00+00:00,2022-04-03T12:47:00+00:00,2022-04-03T12:47:00+00:00,2022-04-03T12:47:00+00:00,Daytona Beach International Airport,America/New_York,DAB,KDAB,,3,1,,2022-04-03T16:12:00+00:00,2022-04-03T16:12:00+00:00,,,,American Airlines,AA,AAL,5791,AA5791,AAL5791,,N952LR,CRJ9,CRJ9,AD3D1F,2022-04-03T19:13:58+00:00,30.73,-86.28,9136.38,105.85,895.212,-36.288,False
52,2022-04-03,active,,,Dallas/Fort Worth International,America/Chicago,DFW,KDFW,A,A28,15.0,2022-04-03T12:37:00+00:00,2022-04-03T12:37:00+00:00,2022-04-03T12:51:00+00:00,2022-04-03T12:51:00+00:00,2022-04-03T12:51:00+00:00,Eppley Airfield,America/Chicago,OMA,KOMA,4,A7,A3,,2022-04-03T14:29:00+00:00,2022-04-03T14:29:00+00:00,,,,American Airlines,AA,AAL,1818,AA1818,AAL1818,,,,,,,,,,,,,
53,2022-04-03,scheduled,,,Dallas/Fort Worth International,America/Chicago,DFW,KDFW,A,A28,22.0,2022-04-03T16:51:00+00:00,2022-04-03T16:51:00+00:00,,,,Chicago O'hare International,America/Chicago,ORD,KORD,3,K10,,,2022-04-03T19:16:00+00:00,2022-04-03T19:16:00+00:00,,,,American Airlines,AA,AAL,1106,AA1106,AAL1106,,,,,,,,,,,,,
54,2022-04-03,scheduled,,,Dallas/Fort Worth International,America/Chicago,DFW,KDFW,C,C31,22.0,2022-04-03T16:53:00+00:00,2022-04-03T16:53:00+00:00,,,,San Diego International Airport,America/Los_Angeles,SAN,KSAN,2,27,,,2022-04-03T18:05:00+00:00,2022-04-03T18:05:00+00:00,,,,American Airlines,AA,AAL,1890,AA1890,AAL1890,,,,,,,,,,,,,
55,2022-04-03,scheduled,,,Dallas/Fort Worth International,America/Chicago,DFW,KDFW,A,A20,22.0,2022-04-03T16:53:00+00:00,2022-04-03T16:53:00+00:00,,,,Charlotte Douglas,America/New_York,CLT,KCLT,2,B16,B,,2022-04-03T20:29:00+00:00,2022-04-03T20:29:00+00:00,,,,American Airlines,AA,AAL,1918,AA1918,AAL1918,,,,,,,,,,,,,
56,2022-04-03,scheduled,,,Dallas/Fort Worth International,America/Chicago,DFW,KDFW,B,B9,22.0,2022-04-03T16:53:00+00:00,2022-04-03T16:53:00+00:00,,,,Lambert-St. Louis International,America/Chicago,STL,KSTL,1,C6,3,,2022-04-03T18:39:00+00:00,2022-04-03T18:39:00+00:00,,,,American Airlines,AA,AAL,2901,AA2901,AAL2901,,,,,,,,,,,,,
57,2022-04-03,scheduled,,,Dallas/Fort Worth International,America/Chicago,DFW,KDFW,A,A19,22.0,2022-04-03T16:53:00+00:00,2022-04-03T16:53:00+00:00,,,,Ronald Reagan Washington National Airport,America/New_York,DCA,KDCA,C,37,11,,2022-04-03T20:45:00+00:00,2022-04-03T20:45:00+00:00,,,,American Airlines,AA,AAL,472,AA472,AAL472,,,,,,,,,,,,,
58,2022-04-03,scheduled,,,Dallas/Fort Worth International,America/Chicago,DFW,KDFW,E,E35,23.0,2022-04-03T16:54:00+00:00,2022-04-03T16:54:00+00:00,,,,Walker Field,America/Denver,GJT,KGJT,3,,,,2022-04-03T18:15:00+00:00,2022-04-03T18:15:00+00:00,,,,American Airlines,AA,AAL,3188,AA3188,AAL3188,,,,,,,,,,,,,
59,2022-04-03,scheduled,,,Dallas/Fort Worth International,America/Chicago,DFW,KDFW,C,C30,22.0,2022-04-03T16:55:00+00:00,2022-04-03T16:55:00+00:00,,,,Mc Carran International,America/Los_Angeles,LAS,KLAS,1,D6,15,,2022-04-03T17:54:00+00:00,2022-04-03T17:54:00+00:00,,,,American Airlines,AA,AAL,1996,AA1996,AAL1996,,,,,,,,,,,,,
60,2022-04-03,scheduled,,,Dallas/Fort Worth International,America/Chicago,DFW,KDFW,E,E27,20.0,2022-04-03T16:55:00+00:00,2022-04-03T16:55:00+00:00,,,,Texarkana Municipal,America/Chicago,TXK,KTXK,,2,,,2022-04-03T17:55:00+00:00,2022-04-03T17:55:00+00:00,,,,American Airlines,AA,AAL,4008,AA4008,AAL4008,,,,,,,,,,,,,
61,2022-04-03,scheduled,,,Dallas/Fort Worth International,America/Chicago,DFW,KDFW,B,B44,20.0,2022-04-03T16:56:00+00:00,2022-04-03T16:56:00+00:00,,,,Will Rogers World Airport,America/Chicago,OKC,KOKC,4,8,,,2022-04-03T17:59:00+00:00,2022-04-03T17:59:00+00:00,,,,American Airlines,AA,AAL,3771,AA3771,AAL3771,,,,,,,,,,,,,
62,2022-04-03,scheduled,,,Dallas/Fort Worth International,America/Chicago,DFW,KDFW,A,A9,22.0,2022-04-03T17:00:00+00:00,2022-04-03T17:00:00+00:00,,,,Sky Harbor International,America/Phoenix,PHX,KPHX,4,A5,,,2022-04-03T17:41:00+00:00,2022-04-03T17:41:00+00:00,,,,American Airlines,AA,AAL,1885,AA1885,AAL1885,,,,,,,,,,,,,
63,2022-04-03,scheduled,,,Dallas/Fort Worth International,America/Chicago,DFW,KDFW,C,C26,17.0,2022-04-03T17:01:00+00:00,2022-04-03T17:01:00+00:00,,,,Key West International Airport,America/New_York,EYW,KEYW,A,6,1,,2022-04-03T20:35:00+00:00,2022-04-03T20:35:00+00:00,,,,American Airlines,AA,AAL,1576,AA1576,AAL1576,,,,,,,,,,,,,
64,2022-04-03,scheduled,,,Dallas/Fort Worth International,America/Chicago,DFW,KDFW,B,B2,22.0,2022-04-03T17:01:00+00:00,2022-04-03T17:01:00+00:00,,,,La Plata,America/Denver,DRO,KDRO,,,,,2022-04-03T18:13:00+00:00,2022-04-03T18:13:00+00:00,,,,American Airlines,AA,AAL,3162,AA3162,AAL3162,,,,,,,,,,,,,
65,2022-04-03,scheduled,,,Dallas/Fort Worth International,America/Chicago,DFW,KDFW,C,C22,17.0,2022-04-03T17:02:00+00:00,2022-04-03T17:02:00+00:00,,,,Salt Lake City International,America/Denver,SLC,KSLC,1,,,,2022-04-03T18:52:00+00:00,2022-04-03T18:52:00+00:00,,,,American Airlines,AA,AAL,1456,AA1456,AAL1456,,,,,,,,,,,,,
66,2022-04-03,scheduled,,,Dallas/Fort Worth International,America/Chicago,DFW,KDFW,C,C7,17.0,2022-04-03T17:05:00+00:00,2022-04-03T17:05:00+00:00,,,,Logan International,America/New_York,BOS,KBOS,B,B22,2,,2022-04-03T21:39:00+00:00,2022-04-03T21:39:00+00:00,,,,American Airlines,AA,AAL,1048,AA1048,AAL1048,,,,,,,,,,,,,
67,2022-04-03,scheduled,,,Dallas/Fort Worth International,America/Chicago,DFW,KDFW,D,D31,17.0,2022-04-03T17:08:00+00:00,2022-04-03T17:08:00+00:00,,,,Vancouver International,America/Vancouver,YVR,CYVR,I,,20,,2022-04-03T19:35:00+00:00,2022-04-03T19:35:00+00:00,,,,American Airlines,AA,AAL,1434,AA1434,AAL1434,,,,,,,,,,,,,
68,2022-04-03,active,,,Dallas/Fort Worth International,America/Chicago,DFW,KDFW,B,B28,9.0,2022-04-03T13:01:00+00:00,2022-04-03T13:01:00+00:00,2022-04-03T13:10:00+00:00,2022-04-03T13:10:00+00:00,2022-04-03T13:10:00+00:00,NW Florida Beaches Int,America/Chicago,ECP,KECP,S,6,BA2,,2022-04-03T14:52:00+00:00,2022-04-03T14:52:00+00:00,,,,American Airlines,AA,AAL,5775,AA5775,AAL5775,,N925FJ,CRJ9,CRJ9,ACD143,2022-04-03T18:39:51+00:00,32.55,-94.67,7063.74,179.07,455.652,32.76,False
69,2022-04-03,active,,,Dallas/Fort Worth International,America/Chicago,DFW,KDFW,E,E25,26.0,2022-04-03T12:39:00+00:00,2022-04-03T12:39:00+00:00,2022-04-03T13:05:00+00:00,2022-04-03T13:05:00+00:00,2022-04-03T13:05:00+00:00,Garden City Municipal Airport,America/Chicago,GCK,KGCK,E,1,,,2022-04-03T14:18:00+00:00,2022-04-03T14:18:00+00:00,,,,American Airlines,AA,AAL,3906,AA3906,AAL3906,,,,,,,,,,,,,
70,2022-04-03,active,,,Dallas/Fort Worth International,America/Chicago,DFW,KDFW,D,D36,16.0,2022-04-03T12:40:00+00:00,2022-04-03T12:40:00+00:00,2022-04-03T12:56:00+00:00,2022-04-03T12:56:00+00:00,2022-04-03T12:56:00+00:00,Lambert-St. Louis International,America/Chicago,STL,KSTL,1,C10,,,2022-04-03T14:28:00+00:00,2022-04-03T14:28:00+00:00,,,,American Airlines,AA,AAL,2747,AA2747,AAL2747,,,,,,,,,,,,,
71,2022-04-03,active,,,Dallas/Fort Worth International,America/Chicago,DFW,KDFW,A,A14,278.0,2022-04-03T07:09:00+00:00,2022-04-03T07:09:00+00:00,,,,Hopkins International,America/New_York,CLE,KCLE,C,C3,8,,2022-04-03T10:49:00+00:00,2022-04-03T10:49:00+00:00,,,,American Airlines,AA,AAL,2331,AA2331,AAL2331,,,,,,,,,,,,,
72,2022-04-03,landed,,,Dallas/Fort Worth International,America/Chicago,DFW,KDFW,B,B6,11.0,2022-04-03T07:08:00+00:00,2022-04-03T07:08:00+00:00,2022-04-03T07:18:00+00:00,2022-04-03T07:18:00+00:00,2022-04-03T07:18:00+00:00,Mc Carran International,America/Los_Angeles,LAS,KLAS,1,D10,15,,2022-04-03T08:07:00+00:00,2022-04-03T08:07:00+00:00,2022-04-03T07:48:00+00:00,2022-04-03T07:48:00+00:00,2022-04-03T07:48:00+00:00,American Airlines,AA,AAL,2473,AA2473,AAL2473,,N152AA,A321,A321,A0D19E,,,,,,,,
73,2022-04-03,landed,,,Dallas/Fort Worth International,America/Chicago,DFW,KDFW,B,B15,5.0,2022-04-03T07:07:00+00:00,2022-04-03T07:07:00+00:00,2022-04-03T07:12:00+00:00,2022-04-03T07:12:00+00:00,2022-04-03T07:12:00+00:00,Eppley Airfield,America/Chicago,OMA,KOMA,4,A7,,,2022-04-03T09:02:00+00:00,2022-04-03T09:02:00+00:00,2022-04-03T08:38:00+00:00,2022-04-03T08:38:00+00:00,2022-04-03T08:38:00+00:00,American Airlines,AA,AAL,4199,AA4199,AAL4199,,,,,,,,,,,,,
74,2022-04-03,landed,,,Dallas/Fort Worth International,America/Chicago,DFW,KDFW,B,B12,22.0,2022-04-03T07:06:00+00:00,2022-04-03T07:06:00+00:00,2022-04-03T07:27:00+00:00,2022-04-03T07:27:00+00:00,2022-04-03T07:27:00+00:00,George Bush Intercontinental,America/Chicago,IAH,KIAH,A,26,2,10.0,2022-04-03T08:19:00+00:00,2022-04-03T08:19:00+00:00,2022-04-03T08:28:00+00:00,2022-04-03T08:28:00+00:00,2022-04-03T08:28:00+00:00,American Airlines,AA,AAL,1619,AA1619,AAL1619,,,,,,,,,,,,,
75,2022-04-03,landed,,,Dallas/Fort Worth International,America/Chicago,DFW,KDFW,B,B25,31.0,2022-04-03T07:05:00+00:00,2022-04-03T07:05:00+00:00,2022-04-03T07:36:00+00:00,2022-04-03T07:36:00+00:00,2022-04-03T07:36:00+00:00,Pensacola International Airport,America/Chicago,PNS,KPNS,N,5,2,5.0,2022-04-03T08:51:00+00:00,2022-04-03T08:51:00+00:00,2022-04-03T08:59:00+00:00,2022-04-03T08:59:00+00:00,2022-04-03T08:59:00+00:00,American Airlines,AA,AAL,5780,AA5780,AAL5780,,,,,,,,,,,,,
76,2022-04-03,landed,,,Dallas/Fort Worth International,America/Chicago,DFW,KDFW,C,C29,6.0,2022-04-03T07:05:00+00:00,2022-04-03T07:05:00+00:00,2022-04-03T07:11:00+00:00,2022-04-03T07:11:00+00:00,2022-04-03T07:11:00+00:00,San Antonio International,America/Chicago,SAT,KSAT,B,B4,B2,,2022-04-03T08:16:00+00:00,2022-04-03T08:16:00+00:00,2022-04-03T07:55:00+00:00,2022-04-03T07:55:00+00:00,2022-04-03T07:55:00+00:00,American Airlines,AA,AAL,2616,AA2616,AAL2616,,,,,,,,,,,,,
77,2022-04-03,landed,,,Dallas/Fort Worth International,America/Chicago,DFW,KDFW,A,A36,27.0,2022-04-03T07:05:00+00:00,2022-04-03T07:05:00+00:00,2022-04-03T07:31:00+00:00,2022-04-03T07:31:00+00:00,2022-04-03T07:31:00+00:00,Los Cabos,America/Mazatlan,SJD,MMSD,2,7,,,2022-04-03T09:06:00+00:00,2022-04-03T09:06:00+00:00,2022-04-03T08:59:00+00:00,2022-04-03T08:59:00+00:00,2022-04-03T08:59:00+00:00,American Airlines,AA,AAL,1324,AA1324,AAL1324,,,,,,,,,,,,,
78,2022-04-03,landed,,,Dallas/Fort Worth International,America/Chicago,DFW,KDFW,A,A11,15.0,2022-04-03T07:05:00+00:00,2022-04-03T07:05:00+00:00,2022-04-03T07:19:00+00:00,2022-04-03T07:19:00+00:00,2022-04-03T07:19:00+00:00,Austin-bergstrom International,America/Chicago,AUS,KAUS,N,34,3,,2022-04-03T08:10:00+00:00,2022-04-03T08:10:00+00:00,2022-04-03T07:53:00+00:00,2022-04-03T07:53:00+00:00,2022-04-03T07:53:00+00:00,American Airlines,AA,AAL,1176,AA1176,AAL1176,,,,,,,,,,,,,
79,2022-04-03,landed,,,Dallas/Fort Worth International,America/Chicago,DFW,KDFW,B,B27,16.0,2022-04-03T07:02:00+00:00,2022-04-03T07:02:00+00:00,2022-04-03T07:17:00+00:00,2022-04-03T07:17:00+00:00,2022-04-03T07:17:00+00:00,Louisville International (Standiford Field),America/Kentucky/Louisville,SDF,KSDF,B,B6,,,2022-04-03T10:07:00+00:00,2022-04-03T10:07:00+00:00,2022-04-03T09:56:00+00:00,2022-04-03T09:56:00+00:00,2022-04-03T09:56:00+00:00,American Airlines,AA,AAL,5823,AA5823,AAL5823,,,,,,,,,,,,,
80,2022-04-03,landed,,,Dallas/Fort Worth International,America/Chicago,DFW,KDFW,B,B28,13.0,2022-04-03T07:01:00+00:00,2022-04-03T07:01:00+00:00,2022-04-03T07:14:00+00:00,2022-04-03T07:14:00+00:00,2022-04-03T07:14:00+00:00,Will Rogers World Airport,America/Chicago,OKC,KOKC,4,6,,,2022-04-03T08:06:00+00:00,2022-04-03T08:06:00+00:00,2022-04-03T07:54:00+00:00,2022-04-03T07:54:00+00:00,2022-04-03T07:54:00+00:00,American Airlines,AA,AAL,5734,AA5734,AAL5734,,,,,,,,,,,,,
81,2022-04-03,unknown,,,Dallas/Fort Worth International,America/Chicago,DFW,KDFW,,,,2022-04-03T07:00:00+00:00,2022-04-03T07:00:00+00:00,,,,Birmingham,America/Chicago,BHM,KBHM,1,,,,2022-04-03T08:46:00+00:00,2022-04-03T08:46:00+00:00,,,,American Airlines,AA,AAL,3840,AA3840,AAL3840,,,,,,,,,,,,,
82,2022-04-03,landed,,,Dallas/Fort Worth International,America/Chicago,DFW,KDFW,C,C28,23.0,2022-04-03T07:00:00+00:00,2022-04-03T07:00:00+00:00,2022-04-03T07:23:00+00:00,2022-04-03T07:23:00+00:00,2022-04-03T07:23:00+00:00,Los Angeles International,America/Los_Angeles,LAX,KLAX,4,49B,T4B,,2022-04-03T08:26:00+00:00,2022-04-03T08:26:00+00:00,2022-04-03T08:16:00+00:00,2022-04-03T08:16:00+00:00,2022-04-03T08:16:00+00:00,American Airlines,AA,AAL,2853,AA2853,AAL2853,,N946NN,B738,B738,AD24AB,,,,,,,,
83,2022-04-03,landed,,,Dallas/Fort Worth International,America/Chicago,DFW,KDFW,A,A33,64.0,2022-04-03T07:00:00+00:00,2022-04-03T07:00:00+00:00,2022-04-03T07:55:00+00:00,2022-04-03T07:55:00+00:00,2022-04-03T07:55:00+00:00,Hartsfield-jackson Atlanta International,America/New_York,ATL,KATL,N,T12,8,24.0,2022-04-03T10:06:00+00:00,2022-04-03T10:06:00+00:00,2022-04-03T10:30:00+00:00,2022-04-03T10:30:00+00:00,2022-04-03T10:30:00+00:00,American Airlines,AA,AAL,2778,AA2778,AAL2778,,,,,,,,,,,,,
84,2022-04-03,landed,,,Dallas/Fort Worth International,America/Chicago,DFW,KDFW,A,A39,42.0,2022-04-03T07:00:00+00:00,2022-04-03T07:00:00+00:00,2022-04-03T07:41:00+00:00,2022-04-03T07:41:00+00:00,2022-04-03T07:41:00+00:00,Minneapolis - St. Paul International,America/Chicago,MSP,KMSP,1,E15,03,18.0,2022-04-03T09:23:00+00:00,2022-04-03T09:23:00+00:00,2022-04-03T09:47:00+00:00,2022-04-03T09:47:00+00:00,2022-04-03T09:47:00+00:00,American Airlines,AA,AAL,2593,AA2593,AAL2593,,,,,,,,,,,,,
85,2022-04-03,landed,,,Dallas/Fort Worth International,America/Chicago,DFW,KDFW,B,B9,13.0,2022-04-03T07:00:00+00:00,2022-04-03T07:00:00+00:00,2022-04-03T07:13:00+00:00,2022-04-03T07:13:00+00:00,2022-04-03T07:13:00+00:00,Logan International,America/New_York,BOS,KBOS,B,B10,1,,2022-04-03T11:37:00+00:00,2022-04-03T11:37:00+00:00,2022-04-03T11:16:00+00:00,2022-04-03T11:16:00+00:00,2022-04-03T11:16:00+00:00,American Airlines,AA,AAL,2297,AA2297,AAL2297,,,,,,,,,,,,,
86,2022-04-03,landed,,,Dallas/Fort Worth International,America/Chicago,DFW,KDFW,C,C2,37.0,2022-04-03T07:00:00+00:00,2022-04-03T07:00:00+00:00,2022-04-03T07:36:00+00:00,2022-04-03T07:36:00+00:00,2022-04-03T07:36:00+00:00,Chicago O'hare International,America/Chicago,ORD,KORD,3,H16,,4.0,2022-04-03T09:22:00+00:00,2022-04-03T09:22:00+00:00,2022-04-03T09:32:00+00:00,2022-04-03T09:32:00+00:00,2022-04-03T09:32:00+00:00,American Airlines,AA,AAL,2220,AA2220,AAL2220,,N120EE,A321,A321,A0541B,,,,,,,,
87,2022-04-03,cancelled,,,Dallas/Fort Worth International,America/Chicago,DFW,KDFW,A,A21,18.0,2022-04-03T07:00:00+00:00,2022-04-03T07:00:00+00:00,,,,Charlotte Douglas,America/New_York,CLT,KCLT,2,B6,B,,2022-04-03T10:33:00+00:00,2022-04-03T10:33:00+00:00,,,,American Airlines,AA,AAL,1946,AA1946,AAL1946,,,,,,,,,,,,,
88,2022-04-03,landed,,,Dallas/Fort Worth International,America/Chicago,DFW,KDFW,A,A25,35.0,2022-04-03T07:00:00+00:00,2022-04-03T07:00:00+00:00,2022-04-03T07:35:00+00:00,2022-04-03T07:35:00+00:00,2022-04-03T07:35:00+00:00,Orlando International,America/New_York,MCO,KMCO,B,56,24,9.0,2022-04-03T10:30:00+00:00,2022-04-03T10:30:00+00:00,2022-04-03T10:41:00+00:00,2022-04-03T10:41:00+00:00,2022-04-03T10:41:00+00:00,American Airlines,AA,AAL,1709,AA1709,AAL1709,,N163AA,A321,A321,A0FCD4,,,,,,,,
89,2022-04-03,landed,,,Dallas/Fort Worth International,America/Chicago,DFW,KDFW,C,C26,12.0,2022-04-03T07:00:00+00:00,2022-04-03T07:00:00+00:00,2022-04-03T07:12:00+00:00,2022-04-03T07:12:00+00:00,2022-04-03T07:12:00+00:00,Tulsa International,America/Chicago,TUL,KTUL,S,A5,,,2022-04-03T08:05:00+00:00,2022-04-03T08:05:00+00:00,2022-04-03T08:00:00+00:00,2022-04-03T08:00:00+00:00,2022-04-03T08:00:00+00:00,American Airlines,AA,AAL,1579,AA1579,AAL1579,,,,,,,,,,,,,
90,2022-04-03,landed,,,Dallas/Fort Worth International,America/Chicago,DFW,KDFW,A,A37,9.0,2022-04-03T07:00:00+00:00,2022-04-03T07:00:00+00:00,2022-04-03T07:08:00+00:00,2022-04-03T07:08:00+00:00,2022-04-03T07:08:00+00:00,Indianapolis International,America/Indiana/Indianapolis,IND,KIND,C,B9,6,,2022-04-03T10:07:00+00:00,2022-04-03T10:07:00+00:00,2022-04-03T09:52:00+00:00,2022-04-03T09:52:00+00:00,2022-04-03T09:52:00+00:00,American Airlines,AA,AAL,1506,AA1506,AAL1506,,,,,,,,,,,,,
91,2022-04-03,landed,,,Dallas/Fort Worth International,America/Chicago,DFW,KDFW,A,A34,24.0,2022-04-03T07:00:00+00:00,2022-04-03T07:00:00+00:00,2022-04-03T07:24:00+00:00,2022-04-03T07:24:00+00:00,2022-04-03T07:24:00+00:00,Fort Lauderdale–Hollywood International,America/New_York,FLL,KFLL,3,E7,5,9.0,2022-04-03T10:41:00+00:00,2022-04-03T10:41:00+00:00,2022-04-03T10:50:00+00:00,2022-04-03T10:50:00+00:00,2022-04-03T10:50:00+00:00,American Airlines,AA,AAL,1429,AA1429,AAL1429,,,,,,,,,,,,,
92,2022-04-03,cancelled,,,Dallas/Fort Worth International,America/Chicago,DFW,KDFW,C,C15,18.0,2022-04-03T07:00:00+00:00,2022-04-03T07:00:00+00:00,,,,Denver International,America/Denver,DEN,KDEN,1,A49,17,,2022-04-03T08:06:00+00:00,2022-04-03T08:06:00+00:00,,,,American Airlines,AA,AAL,1244,AA1244,AAL1244,,,,,,,,,,,,,
93,2022-04-03,landed,,,Dallas/Fort Worth International,America/Chicago,DFW,KDFW,C,C16,7.0,2022-04-03T07:00:00+00:00,2022-04-03T07:00:00+00:00,2022-04-03T07:06:00+00:00,2022-04-03T07:06:00+00:00,2022-04-03T07:06:00+00:00,Nashville International,America/Chicago,BNA,KBNA,B,C11,,,2022-04-03T08:48:00+00:00,2022-04-03T08:48:00+00:00,2022-04-03T08:28:00+00:00,2022-04-03T08:28:00+00:00,2022-04-03T08:28:00+00:00,American Airlines,AA,AAL,1103,AA1103,AAL1103,,,,,,,,,,,,,
94,2022-04-03,landed,,,Dallas/Fort Worth International,America/Chicago,DFW,KDFW,C,C6,10.0,2022-04-03T07:00:00+00:00,2022-04-03T07:00:00+00:00,2022-04-03T07:09:00+00:00,2022-04-03T07:09:00+00:00,2022-04-03T07:09:00+00:00,"Jacksonville,",America/New_York,JAX,KJAX,C,C7,7,,2022-04-03T10:17:00+00:00,2022-04-03T10:17:00+00:00,2022-04-03T10:01:00+00:00,2022-04-03T10:01:00+00:00,2022-04-03T10:01:00+00:00,American Airlines,AA,AAL,1061,AA1061,AAL1061,,,,,,,,,,,,,
95,2022-04-03,landed,,,Dallas/Fort Worth International,America/Chicago,DFW,KDFW,D,D17,6.0,2022-04-03T06:14:00+00:00,2022-04-03T06:14:00+00:00,2022-04-03T06:20:00+00:00,2022-04-03T06:20:00+00:00,2022-04-03T06:20:00+00:00,Ronald Reagan Washington National Airport,America/New_York,DCA,KDCA,C,38,11,,2022-04-03T10:00:00+00:00,2022-04-03T10:00:00+00:00,2022-04-03T09:44:00+00:00,2022-04-03T09:44:00+00:00,2022-04-03T09:44:00+00:00,American Airlines,AA,AAL,2101,AA2101,AAL2101,,N872NN,B738,B738,ABFEFD,,,,,,,,
96,2022-04-03,scheduled,,,Dallas/Fort Worth International,America/Chicago,DFW,KDFW,C,C28,18.0,2022-04-03T18:45:00+00:00,2022-04-03T18:45:00+00:00,,,,San Luis Potosi,America/Mexico_City,SLP,MMSP,A,,,,2022-04-03T20:56:00+00:00,2022-04-03T20:56:00+00:00,,,,American Airlines,AA,AAL,861,AA861,AAL861,,,,,,,,,,,,,
97,2022-04-03,scheduled,,,Dallas/Fort Worth International,America/Chicago,DFW,KDFW,C,C15,18.0,2022-04-03T18:45:00+00:00,2022-04-03T18:45:00+00:00,,,,Fresno Air Terminal Airport,America/Los_Angeles,FAT,KFAT,,,,,2022-04-03T20:20:00+00:00,2022-04-03T20:20:00+00:00,,,,American Airlines,AA,AAL,1381,AA1381,AAL1381,,,,,,,,,,,,,
98,2022-04-03,scheduled,,,Dallas/Fort Worth International,America/Chicago,DFW,KDFW,C,C26,18.0,2022-04-03T18:45:00+00:00,2022-04-03T18:45:00+00:00,,,,Hopkins International,America/New_York,CLE,KCLE,,C3,8,,2022-04-03T22:22:00+00:00,2022-04-03T22:22:00+00:00,,,,American Airlines,AA,AAL,1484,AA1484,AAL1484,,,,,,,,,,,,,
99,2022-04-03,scheduled,,,Dallas/Fort Worth International,America/Chicago,DFW,KDFW,B,B4,18.0,2022-04-03T18:45:00+00:00,2022-04-03T18:45:00+00:00,,,,James Cox Dayton International,America/New_York,DAY,KDAY,2,A11,2,,2022-04-03T22:01:00+00:00,2022-04-03T22:01:00+00:00,,,,American Airlines,AA,AAL,3772,AA3772,AAL3772,,,,,,,,,,,,,
